{
  "allowedEnchantments": [],
  "invertedList": true,
  "overhaulEnchantingTable": false,
  "allowTreasureEnchantmentsInEnchantingTable": false,
  "singleEnchantmentMode": false,
  "singleLevelMode": false,
  "allowInfinityOnCrossbows": true,
  "allTridentsHaveLoyalty": false,
  "channelingWorksWhenNotThundering": false,
  "fireAspectWorksAsFlintAndSteel": false,
  "freeEnchantedBookMerging": false,
  "luckOfTheSeaHasLure": false,
  "negateEnderPearlDamage": true,
  "safeChanneling": true,
  "tridentsReturnFromVoid": true,
  "weakerPotions": false,
  "weaponEnchantmentCooldownRequirement": 0.7,
  "maxExtractingBlocks": 64,
  "maxLumberjackBlocks": 1024,
  "maxLumberjackHorizontalLength": 7,
  "unbreakingChangesFlag": -1
}